Date,Open,High,Low,Close,Range,Body,BodyRangeRatio,Direction,CoM,UpperWick,LowerWick,Label
2007-01-03 00:00:00-05:00,13.832668384036461,13.981406882816636,13.80978503446805,13.895596504211426,0.17162184834858607,0.06292812017496452,0.36666730244711854,1,0.31666952767870526,0.4999968210977303,0.13333587645515116,15
2007-01-04 00:00:00-05:00,13.849839697339354,13.929930386895498,13.801214181482894,13.901326179504395,0.1287162054126032,0.051486482165040925,0.39999999999999725,1,0.5777730682829686,0.22222693171703972,0.37777306828296303,13
2007-01-05 00:00:00-05:00,13.872708918906378,13.892731298096248,13.778316767464567,13.804059982299805,0.11441453063168083,0.06864893660657323,0.6000019073413448,0,0.5250004768353362,0.17499856949398357,0.22499952316467153,14
2007-01-08 00:00:00-05:00,13.7325637924824,13.921347177703856,13.7325637924824,13.892744064331055,0.18878338522145555,0.16018027184865424,0.8484871253937526,1,0.42424356269688096,0.15151287460624746,0.0,na
2007-01-09 00:00:00-05:00,13.88415813666075,13.967108661897967,13.861274781641479,13.904180526733398,0.10583388025648865,0.020022390072648832,0.18918696001813903,1,0.3108130399818694,0.5945934800090695,0.21621955997279146,na
2007-01-10 00:00:00-05:00,13.869850887821945,13.955661251617785,13.835525869393228,13.92419719696045,0.12013538222455722,0.05434630913850391,0.45237554608949193,1,0.5119072487988388,0.26190497815642266,0.2857194757540854,na
2007-01-11 00:00:00-05:00,13.944224161903449,13.978548100475555,13.901318420334565,13.941364288330078,0.07722968014098974,0.002859873573370919,0.037030757710636145,0,0.5370448861950554,0.4444397349496265,0.5185295073397373,na
2007-01-12 00:00:00-05:00,13.901321664565135,13.921344057666463,13.801209699058488,13.887020111083984,0.1201343586079755,0.014301553481150364,0.11904632152587953,0,0.773810172570401,0.16666666666665927,0.7142870118074612,na
2007-01-16 00:00:00-05:00,13.866995111467348,13.927062279480788,13.826950332791723,13.872715950012207,0.10011194668906498,0.0057208385448586085,0.05714441416893838,1,0.4285722070844532,0.5428555858310687,0.3999999999999929,na
2007-01-17 00:00:00-05:00,13.881303779900096,13.975696027582318,13.867002221774015,13.901326179504395,0.10869380580830246,0.020022399604298968,0.18420920544093763,1,0.22368117251417127,0.6842142247653518,0.13157656979371063,na
2007-01-18 00:00:00-05:00,13.849830621652243,14.015731642390149,13.786903588905302,13.829808235168457,0.2288280534848468,0.020022386483786292,0.08749970197649823,0,0.23124716877667803,0.7250029802350767,0.18749731778842504,na
2007-01-19 00:00:00-05:00,13.846965704071142,13.852686539716508,13.749713680375562,13.804059982299805,0.10297285934094624,0.04290572177133711,0.4166701987877696,0,0.7361081676768629,0.055556732929252235,0.5277730682829781,na
2007-01-22 00:00:00-05:00,13.76115983165964,13.829807699476934,13.726835897750991,13.738276481628418,0.10297180172594267,0.022883350031221994,0.22222928653929508,0,0.2222186900636973,0.6666666666666552,0.11110404679404974,na
2007-01-23 00:00:00-05:00,13.77260558519491,13.795487850864134,13.712537319143863,13.764023780822754,0.08295053172027167,0.008581804372155943,0.10345689405699975,0,0.6724171950224909,0.27585435794900925,0.620688747993991,na
2007-01-24 00:00:00-05:00,13.784042410858724,13.786903375248201,13.712533577056751,13.766880989074707,0.07436979819144973,0.01716142178401725,0.23075794477536032,0,0.8461515889550864,0.038469438657233436,0.7307726165674062,na
2007-01-25 00:00:00-05:00,13.749717894654463,13.792623629576378,13.701092413471914,13.712532997131348,0.09153121610446391,0.03718489752311527,0.406253725293854,0,0.32811792194168127,0.46875521541139176,0.12499105929475422,na
2007-01-26 00:00:00-05:00,13.7297025094534,13.758305619892605,13.672495197436266,13.681077003479004,0.08581042245633874,0.04862550597439608,0.5666620042470628,0,0.3833399031064435,0.3333290947700251,0.1000089009829121,na
2007-01-29 00:00:00-05:00,13.661053913117408,13.706819545831047,13.603847690579421,13.64675235748291,0.10297185525162611,0.014301555634498087,0.13888800584927055,0,0.4861080204723865,0.4444479766029696,0.4166640175477599,na
2007-01-30 00:00:00-05:00,13.681074843318548,13.715398788653793,13.626727414470984,13.67535400390625,0.0886713741828089,0.005720839412298062,0.06451731987939785,0,0.5806497262043852,0.38709161385591595,0.5483910662646863,na
2007-01-31 00:00:00-05:00,13.672488278125977,13.721114850630379,13.58381802595504,13.695371627807617,0.13729682467533877,0.022883349681640297,0.16667064031343617,1,0.7291641831374298,0.18750049670584565,0.6458288629807182,na
2007-02-01 00:00:00-05:00,13.726840661767802,13.806930232396477,13.686794785314902,13.75830364227295,0.12013544708157475,0.03146298050514673,0.2618958955867758,1,0.4642873361731432,0.4047647160334689,0.3333393883797553,na
2007-02-02 00:00:00-05:00,13.758302553534904,13.84697392195592,13.74114112755169,13.798348426818848,0.10583279440422899,0.040045873283943934,0.3783881311022412,1,0.35135009742971524,0.4594558370191642,0.16215603187859462,na
2007-02-05 00:00:00-05:00,13.761163708777216,13.798348617485464,13.683934017370161,13.701096534729004,0.11441460011530324,0.06006717404821238,0.5249957084819479,0,0.4125007152530113,0.32500143050602254,0.1500028610120296,na
2007-02-06 00:00:00-05:00,13.72969602538707,13.775461635159498,13.68965125322847,13.743997573852539,0.08581038193102764,0.014301548465468272,0.16666454738499498,1,0.5499980926465162,0.3666696336609863,0.4666658189540187,na
2007-02-07 00:00:00-05:00,13.738276481628418,13.766880669167445,13.68965099951935,13.738276481628418,0.07722966964809608,0.0,0.0,2,0.629621780471611,0.370378219528389,0.629621780471611,na
2007-02-08 00:00:00-05:00,13.71539662433017,13.743999725739476,13.629586228963879,13.689653396606445,0.11441349677559742,0.025743227723724615,0.22500166893959697,0,0.637501549729618,0.24999761580057578,0.5250007152598273,na
2007-02-09 00:00:00-05:00,13.649609256418826,13.726838943201178,13.62672590131068,13.661049842834473,0.10011304189049852,0.011440586415647047,0.11427668363289284,1,0.28571350720974226,0.6571481509738202,0.22857516539328696,na
2007-02-12 00:00:00-05:00,13.686801899608682,13.83554053033124,13.672500339010945,13.70682430267334,0.16304019132029524,0.02002240306465808,0.1228065478978967,1,0.1491212806681697,0.789475445382882,0.08771800671922138,na
2007-02-13 00:00:00-05:00,13.758302243201355,13.849833483508826,13.755442369314821,13.789766311645508,0.09439111419400525,0.03146406844415317,0.33333718658605943,1,0.19696671945622596,0.6363646872507538,0.030298126163186848,na
2007-02-14 00:00:00-05:00,13.87271322328766,13.8870147712696,13.652465892723626,13.695371627807617,0.23454887854597395,0.17734159548004236,0.756096539789175,0,0.5609770280706029,0.06097470203481335,0.18292875817601167,na
2007-02-15 00:00:00-05:00,13.726842068912514,13.758305052642946,13.609567575124998,13.686796188354492,0.14873747751794753,0.04004588055802216,0.2692386695423821,0,0.6538470003081089,0.2115336649207,0.5192276655369179,na
2007-02-16 00:00:00-05:00,13.729694546098429,13.758297639947566,13.661045593267177,13.692509651184082,0.09725204668038856,0.037184894914346955,0.382355911095139,0,0.5147090172671135,0.294113027185317,0.323531061719544,na
2007-02-20 00:00:00-05:00,13.592402211854825,13.695375129474236,13.586681372971697,13.666770935058594,0.10869375650253943,0.07436872320376864,0.6842041861165333,1,0.3947347287055111,0.26316317823622226,0.05263263564724445,na
2007-02-21 00:00:00-05:00,13.60098482590553,13.666772845550403,13.592404111950554,13.606705665588379,0.07436873359984908,0.005720839682849643,0.0769253341549607,1,0.1538433323062872,0.8076940006162205,0.11538066522881879,na
2007-02-22 00:00:00-05:00,13.64102308261989,13.655325720549675,13.506587233412153,13.52946949005127,0.14873848713752125,0.11155359256862063,0.7499981660125394,0,0.5288412867255989,0.09615963026812539,0.15384220371933513,na
2007-02-23 00:00:00-05:00,13.635306540425791,13.709676352988057,13.495149810128204,13.51803207397461,0.2145265428598524,0.11727446645118178,0.5466664632161428,0,0.379997253417969,0.3466695149739596,0.10666402180989765,na
2007-02-26 00:00:00-05:00,13.643887773553576,13.701095067484923,13.609563833650117,13.649608612060547,0.09153123383480555,0.0057208385069706935,0.062501490117522,1,0.4062477648236879,0.5625014901175511,0.3749970197649269,na
2007-02-27 00:00:00-05:00,13.578099013239004,13.6839317918936,13.031771514260086,13.269180297851562,0.6521602776335147,0.308918715387442,0.4736852672297234,0,0.6008770462180925,0.16228032016704586,0.3640344126032308,na
2007-02-28 00:00:00-05:00,13.372155188306955,13.415060935526968,13.249159876823963,13.352132797241211,0.16590105870300498,0.020022391065744216,0.12068874799399668,0,0.6810331219910004,0.2586225040120013,0.620688747994002,na
2007-03-01 00:00:00-05:00,13.277766532324767,13.423645238980667,13.234861864767383,13.306370735168457,0.1887833742132834,0.02860420284368992,0.15151865445191962,1,0.3030286391353431,0.6212120336387018,0.2272693119093786,na
2007-03-02 00:00:00-05:00,13.286340793182067,13.423637615442004,13.10327836350215,13.126160621643066,0.3203592519398537,0.16018017153900033,0.5000017029914703,0,0.32142771993283553,0.4285714285714294,0.07142686843710037,na
2007-03-05 00:00:00-05:00,13.129025022339462,13.360712993173525,13.091840115597064,13.240578651428223,0.2688728775764613,0.11155362908876043,0.41489357384899167,1,0.3457459976056619,0.4468072154698423,0.13829921068116605,na
2007-03-06 00:00:00-05:00,13.354992229778663,13.460826111786384,13.314947448970743,13.423641204833984,0.14587866281564033,0.06864897505532142,0.4705895552530472,1,0.5098022349544519,0.25490298741902456,0.27450745732792825,na
2007-03-07 00:00:00-05:00,13.375018878977569,13.4436678758917,13.346415766760975,13.372159004211426,0.09725210913072502,0.0028598747661430224,0.0294068148414017,0,0.279409619764619,0.7058869728146893,0.264706212343909,na
2007-03-08 00:00:00-05:00,13.41505960673647,13.546635618175188,13.412198641931333,13.486568450927734,0.13443697624385464,0.07150884419126413,0.531913512109604,1,0.28723784169858885,0.44680540224660914,0.02128108564378679,na
2007-03-09 00:00:00-05:00,13.50945357325713,13.635308772864029,13.486571305664329,13.606705665588379,0.14873746719969994,0.09725209233124943,0.6538506683099256,1,0.48076866646126004,0.19230599938377718,0.1538433323062973,na
2007-03-12 00:00:00-04:00,13.606705968013665,13.72684142174647,13.578102860102277,13.715399742126465,0.1487385616441923,0.10869377411279935,0.7307706415288132,1,0.5576899094010187,0.07692476983456875,0.19230458863661798,na
2007-03-13 00:00:00-04:00,13.640495229498182,13.790295947387094,13.528144965814136,13.556953430175781,0.26215098157295813,0.08354179932240058,0.3186781862159475,0,0.26923173660978034,0.5714291702822459,0.10989264350180655,na
2007-03-14 00:00:00-04:00,13.611688412832953,13.637615482338429,13.421556936102986,13.551192283630371,0.21605854623544296,0.06049612920258163,0.2799987792968758,0,0.7400004069010483,0.12000020345051796,0.6000010172526062,na
2007-03-15 00:00:00-04:00,13.525266026106797,13.577120168230786,13.447484812920814,13.562716484069824,0.12963535530997206,0.03745045796302726,0.2888907726868121,1,0.7444453863434074,0.11110922731319335,0.5999999999999945,na
2007-03-16 00:00:00-04:00,13.61168684465948,13.628971921981952,13.48781320450793,13.600163459777832,0.1411587174740223,0.011523384881648724,0.08163424185098163,0,0.8367315162980493,0.12245136277645986,0.7959143953725585,na
2007-03-19 00:00:00-04:00,13.637612542865112,13.68370497883661,13.551189362784847,13.634732246398926,0.13251561605176398,0.0028802964661860386,0.021735524853621187,0,0.6413057900585589,0.3478264475146372,0.6304380276317416,na
2007-03-20 00:00:00-04:00,13.66065544745349,13.755721695558472,13.60880242904093,13.718271255493164,0.14691926651754272,0.057615808039674477,0.39215964934588704,1,0.549015281278755,0.2549048940483015,0.35293545660581144,na
2007-03-21 00:00:00-04:00,13.741317406104422,13.928567400228696,13.646251162234645,13.902640342712402,0.2823162379940509,0.1613229366079807,0.5714263471142604,1,0.6224498931495052,0.09183693329336466,0.33673671959237494,na
2007-03-22 00:00:00-04:00,13.801821280880413,13.954502317286957,13.801821280880413,13.899767875671387,0.15268103640654473,0.09794659479097412,0.6415111994011563,1,0.3207555997005723,0.35848880059884375,0.0,na
2007-03-23 00:00:00-04:00,13.865195550141808,13.905526297519705,13.819103110434146,13.842148780822754,0.0864231870855594,0.023046769319053695,0.26667344836793944,0,0.39999745686202015,0.4666658189539999,0.26666073267806073,na
2007-03-26 00:00:00-04:00,13.813340599943821,13.882478705945056,13.735559406494644,13.870956420898438,0.1469192994504116,0.05761582095461648,0.39215964934588493,1,0.7254942293164207,0.07842594601063682,0.5294144046434782,na
2007-03-27 00:00:00-04:00,13.827748705032628,13.876721454209534,13.784536550757107,13.833510398864746,0.09218490345242714,0.005761693832118553,0.06250149011754325,1,0.5000059604701537,0.46874329447106505,0.4687552154113917,na
2007-03-28 00:00:00-04:00,13.767252644425803,13.914171991700798,13.709636804716313,13.8018217086792,0.2045351869844847,0.034569064253396675,0.16901279805718203,1,0.36619797767055945,0.5492956233008496,0.2816915786419684,na
2007-03-29 00:00:00-04:00,13.715397001074692,13.9429789386669,13.49645705386958,13.85943603515625,0.44652188479732047,0.14403903408155827,0.3225800100412517,1,0.6516129984938123,0.1870969964855619,0.4903229934731864,na
2007-03-30 00:00:00-04:00,13.90264715955982,13.971786379814148,13.712515677523697,13.827747344970703,0.25927070229045057,0.07489981458911643,0.28888653414148263,0,0.5888886534141483,0.2666680795151104,0.44444538634340697,na
2007-04-02 00:00:00-04:00,13.885358964464489,14.0178745725584,13.842146827554162,13.977543830871582,0.17572774500423805,0.09218486640709322,0.5245891387547822,1,0.5081984641168591,0.22950696650574476,0.245903894739473,na
2007-04-03 00:00:00-04:00,13.98043069471302,14.159039918845528,13.98043069471302,14.112947463989258,0.1786092241325079,0.13251676927623812,0.74193687319265,1,0.37096843659633,0.25806312680735,0.0,na
2007-04-04 00:00:00-04:00,14.11870903968569,14.30019857406713,14.098543657968962,14.248344421386719,0.20165491609816755,0.1296353817010285,0.6428575321115443,1,0.4214282210996119,0.25714301284461594,0.0999994550438398,na
2007-04-05 00:00:00-04:00,14.213774664526973,14.33764834560814,14.202251275837833,14.265628814697266,0.1353970697703062,0.05185415017029271,0.3829783780273862,1,0.2765972988766964,0.5319135121096106,0.08510810986300325,na
2007-04-09 00:00:00-04:00,14.288672507752857,14.389500496376662,14.23969976102496,14.29731559753418,0.14980073535170213,0.008643089781322999,0.05769724535083726,1,0.3557678905476238,0.6153834867769575,0.32691926787220515,na
2007-04-10 00:00:00-04:00,14.340523309595334,14.493205405611775,14.303073958680542,14.426947593688965,0.19013144693123252,0.08642428409363134,0.45455018351009346,1,0.4242406727740346,0.34848423547091867,0.19696558101898787,na
2007-04-11 00:00:00-04:00,14.426951714423215,14.46152077857629,14.28867325994944,14.300196647644043,0.172847518626849,0.1267550667791717,0.7333346048942493,0,0.4333352406746867,0.19999745687818868,0.06666793822756205,na
2007-04-12 00:00:00-04:00,14.303078249300079,14.389501460388416,14.015000146385118,14.308838844299316,0.37450131400329845,0.005760594999237867,0.015382042155363786,1,0.7769222417521796,0.21538673717013854,0.7692312206744977,na
2007-04-13 00:00:00-04:00,14.487448106860212,14.487448106860212,14.256985843558404,14.369336128234863,0.23046226330180808,0.11811197862534861,0.5125002980235072,0,0.7437498509882503,0.0,0.48749970197649284,na
2007-04-16 00:00:00-04:00,14.406778078836009,14.53065168768258,14.383732413827213,14.48167896270752,0.1469192738553673,0.07490088387151062,0.5098097880965964,1,0.4117642658927522,0.33333084005894953,0.15685937184445406,na
2007-04-17 00:00:00-04:00,14.706385185509003,15.031913710799852,14.622842281853107,14.856185913085938,0.40907142894674564,0.14980072757693463,0.36619699391530036,1,0.3873242085185821,0.4295772945237677,0.20422571156093194,na
2007-04-18 00:00:00-04:00,14.861949983956608,14.905162140741561,14.792810752886838,14.882115364074707,0.11235138785472287,0.020165380118099208,0.17948492228840343,1,0.7051263241292295,0.2051312147265609,0.6153838629850357,na
2007-04-19 00:00:00-04:00,14.795691668766535,14.951254109421646,14.781287983283084,14.908041954040527,0.16996612613856144,0.11235028527399216,0.6610157437041358,1,0.4152523195293047,0.25423980861863255,0.08474444767723155,na
2007-04-20 00:00:00-04:00,14.99446282752206,15.023271292927115,14.870589173606795,15.005986213684082,0.1526821193203194,0.011523386162021865,0.07547305613335364,1,0.8490538877332927,0.11320958420003047,0.8113173596666159,na
2007-04-23 00:00:00-04:00,15.00598443523569,15.037673193960334,14.861945422073102,14.879230499267578,0.17572777188723165,0.12675393596811269,0.7213085023888737,0,0.45901705980938495,0.18032868899617313,0.09836280861495318,na
2007-04-24 00:00:00-04:00,14.974298011032447,14.974298011032447,14.798570211748919,14.896516799926758,0.17572779928352844,0.07778121110568925,0.44262325837355404,0,0.778688370813218,0.0,0.557376741626446,na
2007-04-25 00:00:00-04:00,14.977180426642306,14.99734580508711,14.833141381219026,14.905160903930664,0.16420442386808354,0.07201952271164203,0.4385967260510603,0,0.6578950890765688,0.122806547897901,0.43859672605103867,na
2007-04-26 00:00:00-04:00,14.977186663712624,15.046324818906362,14.936854791096586,15.003113746643066,0.10947002780977577,0.025927082930442324,0.23684184108818698,1,0.48684937007478457,0.3947297093811138,0.3684284495306992,na
2007-04-27 00:00:00-04:00,14.936850589285777,15.014631816196855,14.908043215880571,14.997347831726074,0.10658860031628414,0.06049724244029697,0.567577041642177,1,0.5540554473003168,0.1621560318785864,0.2702669264792365,na
2007-04-30 00:00:00-04:00,14.95701738784937,15.080891083306117,14.936852004768594,15.034798622131348,0.1440390785375225,0.07778123428197681,0.5400009155273415,1,0.40999984741210155,0.3199996948242215,0.13999938964843692,na
2007-05-01 00:00:00-04:00,15.034793564711121,15.164428911574204,15.017509584416436,15.161548614501953,0.146919327157768,0.12675504979083208,0.8627527245255983,1,0.5490190211903478,0.019604616546859008,0.1176426589275427,na
2007-05-02 00:00:00-04:00,15.152907295557016,15.247973594005597,15.124099925746927,15.184596061706543,0.12387366825866941,0.03168876614952687,0.25581519135572306,1,0.36046202161068525,0.5116303827114461,0.2325544259328309,na
2007-05-03 00:00:00-04:00,15.21051972179446,15.268135547419876,15.150023599406488,15.242208480834961,0.11811194801338765,0.031688759040500614,0.2682942714390655,1,0.6463402152978674,0.2195126489826073,0.5121930795783273,na
2007-05-04 00:00:00-04:00,15.2681438289295,15.360328760359494,15.253740139443138,15.32863998413086,0.10658862091635513,0.06049615520135987,0.567566731619822,1,0.41891682904952154,0.29729980514056753,0.13513346323961056,na
2007-05-07 00:00:00-04:00,15.328634106493611,15.455389162804982,15.311350125309803,15.443865776062012,0.14403903749517966,0.11523166956840036,0.8000030517578032,1,0.5199966430663955,0.0800018310546967,0.11999511718750011,na
2007-05-08 00:00:00-04:00,15.371849157519682,15.417941614257174,15.245094077293444,15.28830623626709,0.17284753696372945,0.083542921252592,0.4833330154430997,0,0.49166809717268545,0.26666539510576986,0.25000158945113043,na
2007-05-09 00:00:00-04:00,15.29406397536651,15.383368567981645,15.224924758675671,15.299825668334961,0.15844380930597346,0.005761692968450305,0.0363642668886091,1,0.454546400332917,0.5272714662227841,0.43636426688860686,na
2007-05-10 00:00:00-04:00,15.253728908308675,15.279655969866774,15.103928230298578,15.118331909179688,0.17572773956819532,0.13539699912898762,0.7704930334942571,0,0.4672123971283458,0.14754108612452058,0.08196588038122224,na
2007-05-11 00:00:00-04:00,15.109696785552178,15.190358303072877,15.029034169100722,15.178834915161133,0.16132413397215473,0.06913812960895527,0.4285665628980771,1,0.7142866874203868,0.07143003113057467,0.5000034059713482,na
2007-05-14 00:00:00-04:00,15.13562719946666,15.256619502451873,15.124103809011594,15.152911186218262,0.13251569344027914,0.017283986751602143,0.1304297347950831,1,0.1521735524853583,0.7826115801171069,0.08695868508781003,na
2007-05-15 00:00:00-04:00,15.066484033788992,15.207642782791773,15.026153276625545,15.112576484680176,0.18148950616622805,0.046092450891183745,0.2539675811832735,1,0.3492046672439107,0.5238115421644526,0.2222208766522739,na
2007-05-16 00:00:00-04:00,15.12410283371819,15.207645760733579,15.017514226209787,15.193242073059082,0.1901315345237915,0.06913923934089183,0.36363899083894635,1,0.742424067277412,0.07575643730311483,0.5606045718579388,na
2007-05-17 00:00:00-04:00,15.262377374145048,15.265258770502466,15.008868342297697,15.037676811218262,0.2563904282047691,0.22470056292678642,0.8763999674251755,0,0.550561701434574,0.011238314852834887,0.11236171772198966,na
2007-05-18 00:00:00-04:00,15.083767406384103,15.167310307577043,15.005986198266253,15.161548614501953,0.16132410931079022,0.07778120811784994,0.48214249221735833,1,0.7232137383260431,0.03571501556528329,0.48214249221735833,na
2007-05-21 00:00:00-04:00,15.161547668442234,15.216282100844364,14.908038683609773,14.954131126403809,0.3082434172345909,0.20741654203842508,0.6728985290237981,0,0.48598187483511,0.17756886065298808,0.14953261032321385,na
2007-05-22 00:00:00-04:00,14.965652521909211,14.97141421385867,14.812970432574472,14.830255508422852,0.15844378128419834,0.1353970134863598,0.8545429324455475,0,0.5363642668886216,0.03636426688861033,0.1090928006658422,na
2007-05-23 00:00:00-04:00,14.87635184112253,14.913802299136897,14.761121268746214,14.78704833984375,0.15268103039068315,0.0893035012787795,0.5849024011055466,0,0.46226320032244045,0.24528559912478046,0.16981199976967293,na
2007-05-24 00:00:00-04:00,14.7697618324166,14.908039165266244,14.735192773936829,14.761119842529297,0.17284639132941493,0.00864198988730358,0.0499980926465133,0,0.17499968210774708,0.8000012715689911,0.15000063578449557,na
2007-05-25 00:00:00-04:00,14.85330763673247,15.03191575590332,14.833142257096927,14.948372840881348,0.19877349880639272,0.09506520414887731,0.478258946588608,1,0.34057850828454816,0.42029201842114783,0.10144903499024416,na
2007-05-29 00:00:00-04:00,14.988708263848196,15.080893199131129,14.954139187849872,15.031920433044434,0.12675401128125685,0.04321216919623794,0.3409136228466462,1,0.4431825078245006,0.3863606807521763,0.2727256964011775,na
2007-05-30 00:00:00-04:00,15.086648101031338,15.282541275024414,14.957012750752005,15.282541275024414,0.32552852427240886,0.19589317399307582,0.6017696127579544,1,0.6991151936210201,0.0,0.3982303872420457,na
2007-05-31 00:00:00-04:00,15.256612839507403,15.400651860497307,15.233567167592888,15.26525592803955,0.16708469290441919,0.008643088532148013,0.051728787250979916,1,0.16379247975902383,0.8103431266154916,0.13792808613352855,na
2007-06-01 00:00:00-04:00,15.271012083441951,15.30558222966201,15.103927439099138,15.210515975952148,0.2016547905628716,0.0604961074898025,0.29999836513152967,0,0.6785685091634351,0.17143230827080447,0.5285693265976659,na
2007-06-04 00:00:00-04:00,15.198996066367595,15.210519451073676,15.040553372915564,15.17306900024414,0.1699660781581116,0.025927066123454523,0.15254259205378481,0,0.8559305595965512,0.0677981443765564,0.7796592635696588,na
2007-06-05 00:00:00-04:00,15.11546062018575,15.16731477420152,15.008870915302829,15.072248458862305,0.15844385889869095,0.04321216132344574,0.2727285337772265,0,0.5363642668886087,0.327271466222778,0.3999999999999955,na
2007-06-06 00:00:00-04:00,15.052080099399275,15.072245477646693,14.933968127265523,14.980060577392578,0.13827735038116984,0.07201952200669659,0.5208338300391961,0,0.5937502483529293,0.14583283662747906,0.33333333333332477,na
2007-06-07 00:00:00-04:00,14.977177553227234,15.003104620386468,14.766879620196491,14.8014497756958,0.23622500018997705,0.1757277775314332,0.7438999995348049,0,0.5182941863332134,0.10975581389938786,0.14634418656580728,na
2007-06-08 00:00:00-04:00,14.76400507328176,14.899402154392192,14.700627529114168,14.884997367858887,0.19877462527802336,0.12099229457712646,0.6086908447589635,1,0.6231866430782792,0.07246793454223463,0.3188412206988019,na
2007-06-11 00:00:00-04:00,14.884997365489584,14.936851519994647,14.78417045335803,14.873475074768066,0.1526810666366174,0.011522290721517336,0.07546640179650116,0,0.622642799562384,0.33962399953935957,0.5849095986641393,na
2007-06-12 00:00:00-04:00,14.789925163552526,14.91379879648889,14.70926367194016,14.732309341430664,0.20453512454873035,0.05761582212186234,0.2816915786419628,0,0.2535191970857792,0.605635013593235,0.11267340776480213,na
2007-06-13 00:00:00-04:00,14.839621036497872,14.935323641333493,14.807721274505512,14.894722938537598,0.12760236682798087,0.055101902039725204,0.4318250782448838,1,0.46590603677726633,0.3181814241002987,0.2499934976548175,na
2007-06-14 00:00:00-04:00,14.894716685380912,14.990418143752601,14.810614632733929,14.880216598510742,0.17980351101867242,0.014500086870169682,0.08064406967372212,0,0.4274221831180948,0.5322557820450491,0.38710014828122885,na
2007-06-15 00:00:00-04:00,14.961412833752018,15.120915947137814,14.894711572019242,14.958513259887695,0.22620437511857183,0.002899573864322491,0.012818381000821015,0,0.2884624789702288,0.7051283305293607,0.2820532884698183,na
2007-06-18 00:00:00-04:00,14.958520155372693,15.08322180215879,14.944018960510403,15.010720252990723,0.1392028416483857,0.05220009761803013,0.3749930461181464,1,0.2916696469017447,0.5208338300391822,0.10417312384267147,na
2007-06-19 00:00:00-04:00,14.958520427347118,14.987520605027285,14.822217158421429,14.90341854095459,0.16530344660585605,0.05510188639252789,0.33333779496994376,0,0.6578950890765762,0.17543601343845192,0.49122619159160436,na
2007-06-20 00:00:00-04:00,14.946917001908833,15.10352058595942,14.883115295898822,14.932416915893555,0.22040529006059728,0.014500086015278413,0.06578828489684536,0,0.256580334287003,0.7105255232645743,0.22368619183858032,na
2007-06-21 00:00:00-04:00,14.906313847026398,15.123818420049437,14.894713337623324,15.106417655944824,0.22910508242611272,0.20010380891842594,0.8734149709793548,1,0.4873414970979285,0.07595101741239019,0.05063401160825495,na
2007-06-22 00:00:00-04:00,15.094822228672713,15.155723264114837,14.917918272714871,14.97011947631836,0.23780499139996536,0.12470275235435402,0.5243908112282465,0,0.48170805459670774,0.25609653978916525,0.21951264898258824,na
2007-06-25 00:00:00-04:00,14.984617190561565,15.091920262236926,14.935316676239639,15.013618469238281,0.15660358599728674,0.029001278676716424,0.1851891097641844,1,0.4074054451179021,0.5000000000000057,0.31481089023580994,na
2007-06-26 00:00:00-04:00,15.051312984731828,15.178915236152704,14.970110546295652,15.065813064575195,0.20880468985705214,0.01450007984336743,0.06944326707074538,1,0.42361346585852466,0.541664900606107,0.3888918323231477,na
2007-06-27 00:00:00-04:00,15.007816255979286,15.231121094378071,15.007816255979286,15.20792007446289,0.22330483839878568,0.2001038184836048,0.8961015798782306,1,0.4480507899391153,0.10389842012176943,0.0,na
2007-06-28 00:00:00-04:00,15.17312012722506,15.347123356909552,15.144119957706163,15.263022422790527,0.20300339920338928,0.08990229556546758,0.4428610354223399,1,0.3642861035422338,0.41428337874660065,0.1428555858310595,na
2007-06-29 00:00:00-04:00,15.323924226361319,15.35582507823515,15.065818943070314,15.170221328735352,0.29000613516483575,0.15370289762596734,0.5299987792968744,0,0.6250000000000008,0.11000061035156505,0.36000061035156045,na
2007-07-02 00:00:00-04:00,15.26882501772098,15.367427157994637,15.173122452329318,15.242724418640137,0.19430470566531888,0.026100599080843168,0.13432818825191128,0,0.4253744939847417,0.507461411889298,0.35821039985879066,na
2007-07-03 00:00:00-04:00,15.315226114218063,15.364526631709003,15.225323803969852,15.341326713562012,0.13920282773915105,0.02610059934394826,0.18750049670583968,1,0.7395870586271863,0.16666269301989384,0.6458368102742664,na
2007-07-05 00:00:00-04:00,15.341322429627489,15.370322595784609,15.219519297939641,15.274620056152344,0.15080329784496804,0.0667023734751453,0.4423137585738878,0,0.5865385320764512,0.19230458863660485,0.36538165278950735,na
2007-07-06 00:00:00-04:00,15.239820061169757,15.268821334422338,15.167318537466489,15.25432014465332,0.10150279695584885,0.014500083483563131,0.1428540288389324,1,0.7857080576778648,0.14286492790267777,0.7142810432583898,na
2007-07-09 00:00:00-04:00,15.29202025520987,15.370322028486596,15.245619327299817,15.283320426940918,0.12470270118677895,0.008699828268952103,0.06976455350330826,0,0.33721012757047825,0.6279075956778676,0.30232785081882413,na
2007-07-10 00:00:00-04:00,15.35292779968723,15.35292779968723,15.1006227159411,15.109322547912598,0.2523050837461298,0.24360525177463188,0.9655186021528931,0,0.5172406989235534,0.0,0.03448139784710691,na
2007-07-11 00:00:00-04:00,15.083216637138678,15.158618841973192,15.022315622200738,15.106417655944824,0.1363032197724543,0.023201018806146223,0.17021621972597706,1,0.5319135121095961,0.3829783780274088,0.44680540224661414,na
2007-07-12 00:00:00-04:00,15.123819617785824,15.26882267795142,15.094818341981371,15.263022422790527,0.17400433597004827,0.13920280500470383,0.7999961853172733,1,0.566667938227567,0.03333396911379628,0.16666984556893036,na
2007-07-13 00:00:00-04:00,15.263021741915505,15.445724793048273,15.222421063886001,15.40222454071045,0.22330372916227148,0.13920279879494402,0.6233787465940053,1,0.4935075551151852,0.1948030715878122,0.18181818181818254,na
2007-07-16 00:00:00-04:00,15.486330833985155,15.80243762218234,15.474730320992313,15.616832733154297,0.3277073011900278,0.13050189916914157,0.3982270114069487,1,0.23451251253279298,0.5663739817637353,0.03539900682931592,na
2007-07-17 00:00:00-04:00,15.75603442701054,15.770534513038513,15.315224952789116,15.419626235961914,0.45530956024939684,0.3364081910486263,0.7388559793568972,0,0.5987253563219521,0.031846653999599316,0.22929736664350348,na
2007-07-18 00:00:00-04:00,15.460229019501476,15.538530816628947,15.39062705329293,15.49502944946289,0.14790376333601785,0.034800429961414636,0.23529103774291835,1,0.5882350741244925,0.29411940700404837,0.4705895552530333,na
2007-07-19 00:00:00-04:00,15.631334246421705,15.642933653365368,15.49503098168971,15.573332786560059,0.14790267167565752,0.05800145986164651,0.3921596493458924,0,0.7254942293164233,0.0784259460106305,0.529414404643477,na
2007-07-20 00:00:00-04:00,15.584934592368041,15.631335542848579,15.396430108755021,15.431230545043945,0.23490543409355702,0.15370404732409604,0.6543230807631275,0,0.4753081186981154,0.19753034092032462,0.14814657831654787,na
2007-07-23 00:00:00-04:00,15.46602514402862,15.587827169498862,15.413823959888395,15.555926322937012,0.17400320961046667,0.08990117890839144,0.5166639116005346,1,0.5583332273692545,0.18333481683047823,0.30000127156898715,na
2007-07-24 00:00:00-04:00,15.361617726659684,15.60232212438179,15.358717047224504,15.43411922454834,0.24360507715728552,0.07250149788865556,0.2976189935558872,1,0.1607167996512233,0.6904737035708332,0.011907302873279681,na
2007-07-25 00:00:00-04:00,15.5066265203083,15.718330840544445,15.422524485803597,15.674829483032227,0.29580635474084715,0.16820296272392632,0.5686252510406248,1,0.5686271209894329,0.14706025349025767,0.2843144954691176,na
2007-07-26 00:00:00-04:00,15.413828372809165,15.724134886101517,15.242724688315516,15.364526748657227,0.48141019778600125,0.04930162415193884,0.10241084293327461,0,0.30421638987128685,0.6445781886620741,0.25301096840465137,na
2007-07-27 00:00:00-04:00,15.347122783671844,15.396424397555148,15.14411939205093,15.161519050598145,0.2523050055042173,0.18560373307369993,0.7356323855041296,0,0.43677898844627283,0.19540481880165883,0.06896279569421154,na
2007-07-30 00:00:00-04:00,15.387729914670853,15.616833979999155,15.019421894886051,15.193425178527832,0.5974120851131044,0.19430473614302102,0.3252440668424618,0,0.45388377381410916,0.38349419276465996,0.2912617403928782,na
2007-07-31 00:00:00-04:00,15.29492398455386,15.332623985425123,15.091919469621127,15.11221981048584,0.240704515803996,0.18270417406801975,0.7590392455154206,0,0.4638568060336752,0.1566235712086182,0.0843371832759612,na
2007-08-01 00:00:00-04:00,15.184730360756479,15.509537113750351,15.13252913716811,15.448636054992676,0.3770079765822416,0.2639056942361968,0.7000002934384272,1,0.4884620011913616,0.16153785208942484,0.13846185447214798,na
2007-08-02 00:00:00-04:00,15.416730140276545,15.602333938404321,15.416730140276545,15.56173324584961,0.18560379812777583,0.14500310557306406,0.7812507450587789,1,0.39062537252938945,0.2187492549412211,0.0,na
2007-08-03 00:00:00-04:00,15.608126368141647,15.732829064900832,15.439923425296803,15.451522827148438,0.2929056396040295,0.15660354099320983,0.534655260325194,0,0.30692878590447986,0.4257435839329231,0.039601155741882894,na
2007-08-06 00:00:00-04:00,15.41382100096101,15.732827192770378,15.41382100096101,15.72702693939209,0.3190061918093683,0.31320593843108036,0.9818177404476398,1,0.49090887022381713,0.01818225955236019,0.0,na
2007-08-07 00:00:00-04:00,15.645832846543616,15.889438069761507,15.576230880073192,15.79373550415039,0.31320718968831507,0.14790265760677457,0.47221986747481237,1,0.45833333333333454,0.3055567329292593,0.22222339959592832,na
2007-08-08 00:00:00-04:00,15.773439459542232,16.205549250563582,15.770539883863417,16.199748992919922,0.43500936670016443,0.4263095333776903,0.9800008138020839,1,0.49666595458984086,0.01333363850911718,0.006665547688798911,na
2007-08-09 00:00:00-04:00,15.895236654048215,16.446247646653283,15.895236654048215,16.196842193603516,0.5510109926050681,0.30160553955530034,0.5473675545552559,1,0.27368377727763116,0.4526324454447441,0.0,na
2007-08-10 00:00:00-04:00,16.066334548939977,16.278038818671146,15.689325823869321,15.944531440734863,0.5887129948018242,0.12180310820511409,0.2068972645085168,0,0.5369461414292522,0.35960522631648933,0.43349750917499386,na
2007-08-13 00:00:00-04:00,15.947446230534277,15.979345992867161,15.721240574092741,15.811142921447754,0.25810541877442006,0.13630330908652333,0.5280916213760324,0,0.6123621993244942,0.12359198998748618,0.3483163886364814,na
2007-08-14 00:00:00-04:00,15.886541083155615,15.906841430954337,15.60233510768752,15.700937271118164,0.3045063232668177,0.18560381203745102,0.6095236711219928,0,0.6285717399755117,0.06666642446348889,0.3238099044145183,na
2007-08-15 00:00:00-04:00,15.706735864754823,15.854638541090836,15.547232674823787,15.611034393310547,0.30740586626704847,0.09570147144427565,0.31131960039154954,0,0.36320859964299823,0.48113160016122697,0.20754879944722346,na
2007-08-16 00:00:00-04:00,15.515332183014902,15.744437353655886,15.321028553983158,15.538533210754395,0.42340879967272826,0.02320102773949273,0.05479580905598998,1,0.4863010477360004,0.4863010477360046,0.4589031432080054,na
2007-08-17 00:00:00-04:00,15.93004012653494,16.48685148106338,15.416729036793264,15.790837287902832,1.0701224442701154,0.1392028386321087,0.13008122516956738,0,0.4146344867369435,0.5203249006782729,0.3495938741521598,na
2007-08-20 00:00:00-04:00,15.770542218218454,15.915545361915203,15.703840904872294,15.811142921447754,0.2117044570429094,0.040600703229300095,0.19178010608001003,1,0.41095811668799676,0.493151830271994,0.31506806364799594,na
2007-08-21 00:00:00-04:00,15.77633997105368,15.906841894624918,15.654536774424907,15.669036865234375,0.2523051202000115,0.10730310581930524,0.4252910354504187,0,0.27011597570867635,0.5172385065661144,0.05747045798346698,na
2007-08-22 00:00:00-04:00,15.767633153025592,15.805334260103239,15.596529490178556,15.645831108093262,0.2088047699246829,0.12180204493233049,0.583329801212229,0,0.5277783664646256,0.18055673292925983,0.23611346585851115,na
2007-08-23 00:00:00-04:00,15.625537970426322,15.709638947050383,15.550135721511644,15.65453815460205,0.15950322553873875,0.029000184175728805,0.1818156597007845,1,0.5636396423889712,0.3454525277606365,0.472731812538579,na
2007-08-24 00:00:00-04:00,15.558835703470793,15.872041877164452,15.558835703470793,15.660337448120117,0.31320617369365955,0.10150174464932427,0.32407325645056095,1,0.16203662822527765,0.675926743549439,0.0,na
2007-08-27 00:00:00-04:00,15.654530112795426,15.703831728111028,15.573328753788017,15.663229942321777,0.1305029743230115,0.008699829526351621,0.0666638409697731,1,0.6555503751112611,0.3111177044038591,0.6222184546263677,na
2007-08-28 00:00:00-04:00,15.660326588519567,15.660326588519567,15.42252171771524,15.445721626281738,0.237804870804327,0.21460496223782854,0.902441407158611,0,0.5487792964206945,0.0,0.097558592841389,na
2007-08-29 00:00:00-04:00,15.509528700433803,15.573330407162144,15.393526904719874,15.518228530883789,0.1798035024422706,0.008699830449986123,0.04838521125459929,1,0.6693513157651887,0.30645607860751656,0.6451587101378842,na
2007-08-30 00:00:00-04:00,15.434129783328482,15.555931852091694,15.408029181981249,15.48633098602295,0.14790267011044556,0.0522012026944676,0.35294293642898145,1,0.3529429364289694,0.4705855953565339,0.1764714682144847,na
2007-08-31 00:00:00-04:00,15.59362943248138,15.654530453060675,15.48342679551487,15.596529006958008,0.17110365754580492,0.0028995744766273646,0.01694630330068275,1,0.6525425920537901,0.3389842562958634,0.6440694404034538,na
2007-09-04 00:00:00-04:00,15.564626095745837,15.787930914593016,15.564626095745837,15.767630577087402,0.22330481884717912,0.20300448134156568,0.909091359468126,1,0.454545679734063,0.09090864053187397,0.0,na
2007-09-05 00:00:00-04:00,15.698038023468216,15.761838643760067,15.474733086731717,15.5704345703125,0.28710555702834917,0.1276034531557162,0.4444478695447768,0,0.5555559836930994,0.22222008153450912,0.3333320489207141,na
2007-09-06 00:00:00-04:00,15.529826263231374,15.961935834252586,15.428324571860013,15.851733207702637,0.5336112623925722,0.32190694447126234,0.6032611512506623,1,0.4918471218733509,0.20652230250131798,0.19021654624801973,na
2007-09-07 00:00:00-04:00,15.831433296203613,15.950335754851999,15.692230498733709,15.831433296203613,0.2581052561182897,0.0,0.0,2,0.5393256982186666,0.46067430178133334,0.5393256982186666,na
2007-09-10 00:00:00-04:00,15.83434337432747,15.956146594341249,15.744442130277013,15.825643539428711,0.21170446406423515,0.008699834898759917,0.04109424398401076,0,0.40410733415200706,0.5753455438559876,0.3835602121600017,na
2007-09-11 00:00:00-04:00,15.866232885417052,16.222940242621462,15.86333331128867,16.141738891601562,0.35960693133279165,0.2755060061845107,0.7661309673965898,1,0.39112866011603853,0.22580585618566162,0.008063176417748551,na
2007-09-12 00:00:00-04:00,16.223436852490384,16.445196690678717,16.13006464054305,16.293466567993164,0.3151320501356665,0.07002971550278048,0.22222339959592244,1,0.40740721117845674,0.4814810890235764,0.29629551138050114,na
2007-09-13 00:00:00-04:00,16.3255629997193,16.39851010774925,16.229272282839194,16.30221939086914,0.16923782491005568,0.023343608850158404,0.13793375601798688,0,0.499999999999979,0.43103312199101707,0.4310331219909961,na
2007-09-14 00:00:00-04:00,16.258462310873277,16.503564796924618,16.24095459291059,16.456878662109375,0.26261020401402746,0.1984163512360979,0.7555546136565943,1,0.44444538634340847,0.1777773068282944,0.06666807951511135,na
2007-09-17 00:00:00-04:00,16.34016556117731,16.369343983016662,16.06004870441192,16.130077362060547,0.3092952786047434,0.21008819911676468,0.6792479990787119,0,0.5660376000460776,0.09433840041457216,0.22641360050671588,na
2007-09-18 00:00:00-04:00,16.16800452256391,16.465628995755647,16.16800452256391,16.459793090820312,0.297624473191739,0.2917885682564041,0.9803917168747905,1,0.49019585843738933,0.019608283125209434,0.0,na
2007-09-19 00:00:00-04:00,16.48605425615322,16.56191879483119,16.30514565385571,16.521068572998047,0.2567731409754792,0.035014316844826254,0.13636284820058334,1,0.7727278638495643,0.15909071205015102,0.7045464397492657,na
2007-09-20 00:00:00-04:00,16.503565444210516,16.5298264656419,16.38684954605207,16.430618286132812,0.14297691958983094,0.07294715807770302,0.5102023339639169,0,0.561225681388243,0.18367315162979855,0.3061245144062845,na
2007-09-21 00:00:00-04:00,16.451035452547487,16.591093794813148,16.430610347201544,16.500638961791992,0.16048344761160394,0.04960350924450552,0.30908800865590874,1,0.2818163532830633,0.5636396423889823,0.12727234895510892,na
2007-09-24 00:00:00-04:00,16.48896256587586,16.742819284097244,16.48896256587586,16.544403076171875,0.25385671822138534,0.05544051029601604,0.2183929213473368,1,0.1091964606736684,0.7816070786526632,0.0,na
2007-09-25 00:00:00-04:00,16.541494192247054,16.710732102853804,16.497726573117273,16.637784957885742,0.21300552973653097,0.09629076563868821,0.45205758628797754,1,0.43150523868002516,0.3424659681759944,0.20547644553602806,na
2007-09-26 00:00:00-04:00,16.681551608541454,16.83036439896439,16.605687071936547,16.734073638916016,0.2246773270278446,0.05252203037456127,0.23376649112463463,1,0.4545432026593916,0.4285735517782911,0.33765995709707425,na
2007-09-27 00:00:00-04:00,16.722410781278242,16.80411126101058,16.66988872628301,16.728246688842773,0.13422253472757006,0.00583590756453134,0.043479342543906015,1,0.4130454613305032,0.5652148673975438,0.39130579005855015,na
2007-09-28 00:00:00-04:00,16.71948030815631,16.859538650236594,16.640697282032757,16.769084930419922,0.2188413682038366,0.04960462226361173,0.22666931152344208,1,0.47333526611327775,0.4133300781249931,0.36000061035156483,na
2007-10-01 00:00:00-04:00,16.809939003923226,17.020027121863553,16.795349798640707,16.89455795288086,0.22467732322284562,0.08461894895763322,0.3766243417174066,1,0.25324620636013523,0.5584416227811615,0.0649340355014319,na
2007-10-02 00:00:00-04:00,16.92374379090822,16.970429936152822,16.818699685836485,16.900400161743164,0.15173025031633713,0.023343629165054836,0.15384953966915965,0,0.6153834867769468,0.3076917433884734,0.5384587169423669,na
2007-10-03 00:00:00-04:00,16.85079322114311,16.932493680573483,16.739913231140974,16.79827117919922,0.19258044943250852,0.05252204194389165,0.2727277981677909,0,0.4393954281420651,0.4242406727740302,0.3030315290581789,na
2007-10-04 00:00:00-04:00,16.821608597902,16.961666953720897,16.798264982056416,16.885801315307617,0.16340197166448078,0.06419271740561783,0.39285154733277683,1,0.33928583592754263,0.46428839040606895,0.14286006226115425,na
2007-10-05 00:00:00-04:00,16.914985860731726,17.00543961629594,16.8741356339498,16.944164276123047,0.13130398234614304,0.029178415391321266,0.22222033840832978,1,0.42222203384082213,0.466667796955013,0.31111186463665724,na
2007-10-08 00:00:00-04:00,16.912063548125833,16.961668178838135,16.8332805085839,16.86537742614746,0.12838767025423437,0.04668612197837163,0.36363399916770334,0,0.43181699958385167,0.38636600083228284,0.2500000000000138,na
2007-10-09 00:00:00-04:00,16.807018017623676,16.88871955871582,16.719481685746597,16.88871955871582,0.169237872969223,0.08170154109214423,0.4827615690194959,1,0.758619215490252,0.0,0.5172384309805041,na
2007-10-10 00:00:00-04:00,16.920816739075995,16.98209206104335,16.85954030402377,16.885801315307617,0.1225517570195791,0.035015423768378184,0.2857194757541016,0,0.3571448034077809,0.4999954587151683,0.21428506553073004,na
2007-10-11 00:00:00-04:00,16.92373466808831,16.97625669231193,16.608602522746605,16.68738555908203,0.36765416956532704,0.23634910900628014,0.6428571428571387,0,0.5357142857142871,0.14285714285714837,0.2142857142857129,na
2007-10-12 00:00:00-04:00,16.6903047469998,16.903310248093934,16.67571554258499,16.86537742614746,0.22759470550894534,0.1750726791476609,0.7692300168238311,1,0.44871669470636166,0.16666829688172285,0.06410168629444613,na
2007-10-15 00:00:00-04:00,16.949998241410494,16.990848463515956,16.6786347796127,16.818693161010742,0.31221368390325566,0.13130508039975197,0.42056158063987653,0,0.6588786212895856,0.13084058839048177,0.44859783096964173,na
2007-10-16 00:00:00-04:00,16.82744344114907,16.9529125939974,16.75741481956411,16.85370445251465,0.19549777443328864,0.026261011365576792,0.13432895306201073,1,0.4253712223006694,0.5074643011683252,0.35820674576966405,na
2007-10-17 00:00:00-04:00,17.025861037873057,17.34099319857638,16.941243206352308,17.241785049438477,0.3997499922240735,0.21592401156541996,0.5401476316837229,1,0.481750696809298,0.24817548734884054,0.2116768809674365,na
2007-10-18 00:00:00-04:00,17.227201531234485,17.4051927792993,17.14841846505406,17.320573806762695,0.2567743142452379,0.09337227552821048,0.3636355754767327,1,0.4886361173364772,0.3295460949251564,0.3068183295981109,na
2007-10-19 00:00:00-04:00,17.37017370723348,17.43436755063644,17.12507125697728,17.145496368408203,0.30929629365916256,0.22467733882527696,0.726414585080241,0,0.42924465493228237,0.20754805252759137,0.06603736239216758,na
2007-10-22 00:00:00-04:00,17.081301622944963,17.3322399487323,17.037532896136486,17.288471221923828,0.29470705259581464,0.2071695989788651,0.702967903733863,1,0.500000000000006,0.14851604813306252,0.14851604813307456,na
2007-10-23 00:00:00-04:00,17.305979662228626,17.443119526691696,17.288471948152807,17.43436622619629,0.15464757853888855,0.12838656396766268,0.8301880002303293,1,0.528304399147793,0.05660160073703085,0.11321039903263982,na
2007-10-24 00:00:00-04:00,17.361415354733246,17.565667522700004,17.32056514375685,17.559831619262695,0.24510237894315523,0.19841626452944894,0.8095240257764538,1,0.5714279226706531,0.023810064441119966,0.16666590978242624,na
2007-10-25 00:00:00-04:00,17.574428716941988,17.933328591442983,17.53357848761289,17.886642456054688,0.3997501038300939,0.3122137391126998,0.7810222839751912,1,0.4927005571689892,0.1167883008434152,0.10218941518139357,na
2007-10-26 00:00:00-04:00,17.89831044093346,17.971257581447034,17.764087969528894,17.965421676635742,0.20716961191813965,0.06711123570228139,0.32394343495125877,1,0.8098585873781554,0.028169695146206607,0.6478868699025346,na
2007-10-29 00:00:00-04:00,17.94499465948553,18.099642224754085,17.883719335105713,18.04420280456543,0.2159228896483718,0.09920814507989917,0.4594609920303429,1,0.5135138618250846,0.2567556421597439,0.2837833658099132,na
2007-10-30 00:00:00-04:00,18.04128546281528,18.13465770398248,17.901225987979572,18.01210594177246,0.23343171600290802,0.02917952104282051,0.12500238417669432,0,0.5375007152530037,0.3999980926586491,0.47499952316465655,na
2007-10-31 00:00:00-04:00,18.087973019180325,18.10839812898914,17.837034683717736,18.02086067199707,0.27136344527140466,0.06711234718325443,0.24731535640746266,0,0.8010738574370123,0.07526846435925635,0.677416179233281,na
2007-11-01 00:00:00-04:00,17.982929684017723,18.090891142072728,17.746580544192927,17.76992416381836,0.3443105978798009,0.21300552019936347,0.6186435198655252,0,0.3771199043093116,0.31355833575792064,0.06779814437655413,na
2007-11-02 00:00:00-04:00,17.8399512073678,17.84286971610353,17.51022984458247,17.656124114990234,0.3326398715210601,0.183827092377566,0.5526309625390999,0,0.71491073968111,0.008773779049345358,0.43859525841155467,na
2007-11-05 00:00:00-05:00,17.653211555940665,17.720322805145084,17.483973621619317,17.606525421142578,0.23634918352576761,0.0466861347980867,0.19753034092033075,0,0.6172852588102926,0.283949570729542,0.5185200883501272,na
2007-11-06 00:00:00-05:00,17.62110864019746,17.8253608279213,17.580258425269665,17.802017211914062,0.24510240265163574,0.18090857171660346,0.7380938324530787,1,0.5357128260089736,0.09524025776449432,0.16666590978242699,na
2007-11-07 00:00:00-05:00,17.76991979136069,17.799098195627806,17.486884595013578,17.495637893676758,0.3122136006142284,0.27428189768393096,0.8785072051452174,0,0.46728985290238645,0.09345654452501051,0.028036250329772035,na
2007-11-08 00:00:00-05:00,17.717399754176196,17.98584466531952,17.478133250562397,17.936241149902344,0.5077114147571216,0.21884139572614814,0.43103501194834715,1,0.6867822769824445,0.09770021704338533,0.4712647710082675,na
2007-11-09 00:00:00-05:00,17.94499230852202,18.017939431727395,17.691136631431053,17.749494552612305,0.3268028002963419,0.19549775590971663,0.5982132213446182,0,0.47767889073946596,0.22321449858821954,0.17857228006716228,na
2007-11-12 00:00:00-05:00,17.694055873611944,17.75824970492073,17.44895346953326,17.466461181640625,0.30929623538746753,0.2275946919713192,0.7358469516649706,0,0.42452847163992175,0.20754805252759295,0.056604995807436394,na
2007-11-13 00:00:00-05:00,17.57733946097646,17.857456149552753,17.40518420408555,17.81077003479004,0.45227194546720284,0.23343057381357823,0.516128794087463,1,0.6387098441387791,0.10322575881748947,0.38064544709504755,na
2007-11-14 00:00:00-05:00,17.88664229113911,18.017947393547196,17.726158771789347,17.904150009155273,0.29178862175784914,0.017507718016162244,0.06000137329101073,1,0.5799999237060478,0.38999938964844677,0.5499992370605424,na
2007-11-15 00:00:00-05:00,17.796182945524574,18.21052212410149,17.796182945524574,18.0762996673584,0.4143391785769168,0.2801167218338243,0.6760565650487338,1,0.33802828252437117,0.3239434349512662,0.0,na
2007-11-16 00:00:00-05:00,18.160918341755014,18.300976700616687,18.003352270628803,18.27179718017578,0.2976244299878843,0.11087883842076707,0.37254615968615457,1,0.7156855045308822,0.09804141562604048,0.529412424687805,na
2007-11-19 00:00:00-05:00,18.23678658960611,18.254294305442773,18.093809692986145,18.178428649902344,0.16048461245662793,0.05835793970376457,0.3636357331113985,0,0.7090893327784763,0.1090928006658355,0.527271466222766,na
2007-11-20 00:00:00-05:00,18.242622359713046,18.41185915920634,18.1200705759347,18.3214054107666,0.29178858327163937,0.07878305105355565,0.270000457763671,1,0.5550022125244096,0.3099975585937549,0.4200019836425742,na
2007-11-21 00:00:00-05:00,18.321405442590763,18.513985863361153,18.13174241790071,18.16383934020996,0.38224344546044264,0.1575661023808017,0.4122140072042329,0,0.2900768471414487,0.5038161492564301,0.08396984353933691,na
2007-11-23 00:00:00-05:00,18.248458400163884,18.30973373596453,18.067548675773708,18.178428649902344,0.24218506019082398,0.0700297502615399,0.2891580108465882,0,0.6024106075926059,0.2530103869841,0.4578316021693118,na
2007-11-26 00:00:00-05:00,18.19301451989829,18.34182729450439,17.97417312095925,18.01210594177246,0.36765417354514085,0.1809085781258304,0.49206181010105765,0,0.3492061810101077,0.4047629139393635,0.10317527595957887,na
2007-11-27 00:00:00-05:00,18.07630252865544,18.47313517061043,17.99751947946569,18.37684440612793,0.4756156911447391,0.30054187747249017,0.6319006775178689,1,0.4815946828303616,0.20245497841070392,0.16564434407142709,na
2007-11-28 00:00:00-05:00,18.547002032190647,18.547002032190647,18.33284033127436,18.47952651977539,0.21416170091628572,0.06747551241525684,0.31506806364800277,0,0.8424659681759986,0.0,0.6849319363519972,na
2007-11-29 00:00:00-05:00,18.456047479655027,18.532323769251057,18.370969261897947,18.42084312438965,0.16135450735310997,0.03520435526537824,0.2181801788055207,0,0.418185033881482,0.47272487671575764,0.3090949444787216,na
2007-11-30 00:00:00-05:00,18.51179621522009,18.51179621522009,18.106943147857276,18.21842384338379,0.404853067362815,0.29337237183630194,0.7246391233918749,0,0.6376804383040582,0.0,0.27536087660812514,na
2007-12-03 00:00:00-05:00,18.218413344209484,18.48244877435066,18.177341414882218,18.247751235961914,0.3051073594684439,0.029337891752430068,0.09615596229321494,1,0.18269266038220444,0.7692293584711822,0.13461467923560277,na
2007-12-04 00:00:00-05:00,18.17441530003172,18.464853267759,18.045330764040415,18.40911293029785,0.4195225037185857,0.23469763026613322,0.5594399065266058,1,0.5874139025678509,0.1328661441688462,0.30769394930454796,na
2007-12-05 00:00:00-05:00,18.435523406413086,18.49713134765625,18.321108338639498,18.49713134765625,0.1760230090167525,0.06160794124316382,0.349999364215507,1,0.8250003178922364,0.0,0.6500006357844931,na
2007-12-06 00:00:00-05:00,18.456058809838645,18.532335146260756,18.30057178609725,18.50299835205078,0.23176336016350518,0.04693954221213659,0.2025321956802038,1,0.7721530906404314,0.1265808115194667,0.6708869928003295,na
2007-12-07 00:00:00-05:00,18.50005519196445,18.702481649282966,18.50005519196445,18.526458740234375,0.20242645731851638,0.026403548269925636,0.13043526335285247,1,0.06521763167642623,0.8695647366471475,0.0,na
2007-12-10 00:00:00-05:00,18.50592995497197,18.629145815309688,18.44725525613776,18.561670303344727,0.1818905591719293,0.05574034837275832,0.30644992585937675,1,0.4758073943727001,0.37096764269761157,0.3225824314430117,na
2007-12-11 00:00:00-05:00,18.552866362888775,18.743557703047973,18.464853769909723,18.473655700683594,0.2787039331382495,0.07921066220518114,0.2842107799242616,0,0.17368704248766623,0.6842075675502094,0.031581652525529066,na
2007-12-12 00:00:00-05:00,18.549929829490623,18.790496137756985,18.46778594611402,18.708351135253906,0.3227101916429653,0.15842130576328373,0.49090890175094076,1,0.4999982660503049,0.25454728307422475,0.2545438151748345,na
2007-12-13 00:00:00-05:00,18.652616348277572,18.816904163873694,18.59394164879604,18.802234649658203,0.2229625150776542,0.14961830138063092,0.6710468857445446,1,0.5986829226668848,0.06579363446085082,0.2631594797946045,na
2007-12-14 00:00:00-05:00,18.70541563509104,18.869704510865564,18.699549174461957,18.72008514404297,0.17015533640360658,0.014669508951929089,0.08621245305603097,1,0.07758331524634506,0.8793104582256499,0.034477088718319136,na
2007-12-17 00:00:00-05:00,18.775834299373184,18.819840608663114,18.27123339445691,18.326974868774414,0.5486072142062035,0.44885943059876965,0.8181799636890267,0,0.5106954162501829,0.080214601905307,0.10160543440566634,na
2007-12-18 00:00:00-05:00,18.423779306050985,18.426713655616876,18.15387734056471,18.253623962402344,0.2728363150521673,0.17015534364864138,0.6236535763800616,0,0.677418230145128,0.010754981664847701,0.36559144195509075,na
2007-12-19 00:00:00-05:00,18.24775474789853,18.482452331456837,18.21841685049977,18.438446044921875,0.26403548095706597,0.19069129702334564,0.7222184546263818,1,0.472222693171693,0.16666807951510937,0.11111346585850887,na
2007-12-20 00:00:00-05:00,18.409114146794064,18.470722068973814,18.159748107994126,18.271228790283203,0.31097396097968755,0.13788535651086065,0.4433983992629761,0,0.5801880002303286,0.19811280013818913,0.35848880059883476,na
2007-12-21 00:00:00-05:00,18.33577616297461,18.620347767144604,18.2771014554277,18.50299835205078,0.34324631171690356,0.16722218907617048,0.48717840037299204,1,0.4145297333954952,0.34188106641800875,0.17094053320899918,na
2007-12-24 00:00:00-05:00,18.494198421144823,18.614481073755176,18.423788544899416,18.544071197509766,0.1906925288557595,0.049872776364942695,0.2615350305761934,1,0.4999999999999907,0.3692324847119126,0.369232484711894,na
2007-12-26 00:00:00-05:00,18.614474248739093,18.614474248739093,18.41204662820822,18.485389709472656,0.20242762053087304,0.1290845392664366,0.6376824413976125,0,0.6811587793011937,0.0,0.36231755860238746,na
2007-12-27 00:00:00-05:00,18.45312756567273,18.541139076909424,18.25069985878855,18.277103424072266,0.2904392181208735,0.17602414160046465,0.6060618904682763,0,0.39394003614322687,0.303029018622635,0.09090909090908869,na
2007-12-28 00:00:00-05:00,18.282961772012726,18.412045182013554,18.18908272489821,18.268293380737305,0.22296245711534368,0.0146683912754213,0.06578861511125615,0,0.38815885237591274,0.5789468400684592,0.3552645448202847,na
